{
  "model": "dolphin-2.9-llama3-8b",
  "per_condition": {
    "ANCHOR_approach": [
      6.881510416666667,
      7.779079861111111,
      9.577690972222221,
      10.137586805555555,
      4.756944444444445
    ],
    "ANCHOR_avoid": [
      -0.6339246961805556,
      -6.119357638888889,
      -4.508246527777778,
      -4.402126736111111,
      -1.2545572916666667
    ],
    "read": [
      1.9906684027777777,
      3.4282769097222223,
      2.0474175347222223,
      0.8620876736111112,
      4.017578125,
      3.9453125
    ],
    "ablate_hallucination": [
      1.0882161458333333,
      1.4045138888888888,
      2.1009114583333335,
      1.2700737847222223,
      2.0810546875,
      2.8336588541666665
    ],
    "ablate_emotion": [
      1.0122612847222223,
      1.0582139756944444,
      2.0764973958333335,
      0.7156032986111112,
      1.4266493055555556,
      2.3299696180555554
    ],
    "ablate_emotion_other": [
      1.5824652777777777,
      2.0151909722222223,
      3.23046875,
      2.3759765625,
      1.4414605034722223,
      3.3133680555555554
    ],
    "steer_helpful": [
      3.388454861111111,
      1.9593098958333333,
      2.9295789930555554,
      2.5735677083333335,
      2.5112847222222223,
      2.597873263888889
    ],
    "steer_deception": [
      1.5193142361111112,
      0.3182305230034722,
      1.3251953125,
      1.0494249131944444,
      1.3741319444444444,
      1.33251953125
    ],
    "steer_deception_other": [
      1.5106336805555556,
      1.8804253472222223,
      1.7981770833333333,
      1.8383246527777777,
      2.8016493055555554,
      1.5503472222222223
    ],
    "steer_desperation": [
      1.8156467013888888,
      -0.2396765814887153,
      1.5466579861111112,
      0.7416178385416666,
      1.3413628472222223,
      1.4422743055555556
    ],
    "ablate_emotion_hypothetical": [
      0.85888671875,
      0.55712890625,
      0.6652289496527778,
      0.468017578125,
      0.8519422743055556,
      1.2112630208333333
    ],
    "steer_deception_hypothetical": [
      1.3078342013888888,
      0.32699542575412327,
      0.8123372395833334,
      0.5816786024305556,
      0.4426133897569444,
      1.3145073784722223
    ],
    "add_capability": [
      3.2276475694444446,
      2.799045138888889,
      3.1547309027777777,
      2.24609375,
      2.336697048611111,
      3.12109375
    ],
    "cap_activations": [
      2.2893880208333335,
      2.3140190972222223,
      3.0403645833333335,
      3.2335069444444446,
      2.7225477430555554,
      2.7911241319444446
    ]
  },
  "means": {
    "ANCHOR_approach": 7.8265625,
    "ANCHOR_avoid": -3.383642578125,
    "read": 2.7152235243055554,
    "ablate_hallucination": 1.7964048032407407,
    "ablate_emotion": 1.4365324797453705,
    "ablate_emotion_other": 2.326488353587963,
    "steer_helpful": 2.660011574074074,
    "steer_deception": 1.1531360767505787,
    "steer_deception_other": 1.8965928819444444,
    "steer_desperation": 1.1079805162217882,
    "ablate_emotion_hypothetical": 0.7687445746527778,
    "steer_deception_hypothetical": 0.7976610395643446,
    "add_capability": 2.8142180266203702,
    "cap_activations": 2.731825086805556
  },
  "axis_separation": 11.210205078125,
  "note": "read-only deterministic forward pass; NO steering/ablation performed"
}